,plant,deer,wildboar,rabbit,rat,fox,badger,ant,mut,class_ant,class_mut,combination,inf,size,sincr,fruits,fruit_set,exit_pol,del.area,nn,dens,x,y,pop,,inf_s,size_s,sincr_s,fruits_s,fruit_set_s,del.area_s,nn_s,dens_s,predict_motif,Motif,combination,
1,CHU0108,0,0.007,0,0,0,0,0.007,0,weak,absent,ant-weak_mut-absent,33,3.97411135,0.682108626,156,5148,0.26,735.915,14.391,3,193935.292,4103036.705,Matasgordas,,0.699506472,0.809403332,6.735532654,1.871353418,0.845904586,0.362643744,1.283771222,0.833845012,Absent,StrongW_Antagonism,ant-weak_mut-absent,StrongW_Antagonism
2,CHU0111,0.083,0.028,0.005,0,0,0,0.111,0.005,strong,weak,ant-strong_mut-weak,53,4.28827035,0.682108626,110,5830,0.133,1383.9,19.298,1,193948.928,4103023.05,Matasgordas,,1.123449788,0.873387785,6.735532654,1.319544077,0.957968869,0.681957396,1.721507681,0.277948337,Absent,Mutualism_Antagonism,ant-strong_mut-weak,StrongW_Antagonism
3,CHU096M,0.118,0,0,0,0,0,0.118,0,strong,absent,ant-strong_mut-absent,23,2.536833925,0.682108626,180,4140,0.069,110.724,6.159,7,194054.854,4103053.822,Matasgordas,,0.487534814,0.516674459,6.735532654,2.159253944,0.680272919,0.054562505,0.549423039,1.945638362,StrongW_Antagonism,StrongW_Antagonism,ant-strong_mut-absent,StrongW_Antagonism
4,CHU100,0.229,0,0,0,0,0,0.229,0,strong,absent,ant-strong_mut-absent,46,4.425714913,0.598509052,105,4830,0.019,3103.934,17.679,2,193976.436,4103066.046,Matasgordas,,0.975069628,0.901380983,5.910022406,1.259564801,0.793651739,1.529554699,1.577082303,0.555896675,Absent,StrongW_Antagonism,ant-strong_mut-absent,StrongW_Antagonism
5,CHU105M,8.167,0.042,0,0,0,0.069,8.209,0.069,strong,strong,ant-strong_mut-strong,34,3.62853645,0.598509052,45,1530,0.577,1035.223,24.491,1,194117.18,4103055.547,Matasgordas,,0.720703638,0.739020433,5.910022406,0.539813486,0.251405209,0.510136557,2.184757209,0.277948337,Mutualism_Antagonism,Mutualism_Antagonism,ant-strong_mut-strong,
6,CHU114M,0,0.153,0,0,0,0,0.153,0,strong,absent,ant-strong_mut-absent,19,2.002763625,0.682108626,183,3477,0.093,1140.228,14.69,2,194069.752,4103086.384,Matasgordas,,0.40274615,0.407900889,6.735532654,2.19524151,0.571330662,0.561880857,1.310443975,0.555896675,StrongW_Antagonism,StrongW_Antagonism,ant-strong_mut-absent,StrongW_Antagonism
7,EM001H,0.083,0.173,0,0,0,0,0.256,0,strong,absent,ant-strong_mut-absent,10,3.2986695,0.598509052,65,650,0.196,1177.874,22.738,1,194071.696,4103143.076,Matasgordas,,0.211971658,0.671836758,5.910022406,0.779730591,0.106806135,0.58043203,2.028378156,0.277948337,StrongW_Antagonism,StrongW_Antagonism,ant-strong_mut-absent,StrongW_Antagonism
8,EM003H,0.694,0,0,0,0,0,0.694,0,strong,absent,ant-strong_mut-absent,43,3.337939375,0.682108626,138,5934,0.031,2320.667,47.773,1,194117.36,4103157.114,Matasgordas,,0.91147813,0.679834814,6.735532654,1.655428024,0.97505785,1.143576866,4.261663718,0.277948337,StrongW_Antagonism,StrongW_Antagonism,ant-strong_mut-absent,StrongW_Antagonism
9,EM007,0.056,0.097,0,0,0,0,0.153,0,strong,absent,ant-strong_mut-absent,62,4.123336875,0.682108626,214,13268,0.354,320.431,14.89,4,194042.684,4103175.108,Matasgordas,,1.314224281,0.839795947,6.735532654,2.567113023,2.180159683,0.157901792,1.328285282,1.11179335,StrongW_Mutualism,StrongW_Antagonism,ant-strong_mut-absent,StrongW_Antagonism
10,EM008,0.028,0.055,0,0,0,0,0.083,0,strong,absent,ant-strong_mut-absent,17,7.9482227,0.682108626,112,1904,0.457,1545.43,4.721,4,194009.726,4103188.685,Matasgordas,,0.360351819,1.618806664,6.735532654,1.343535788,0.312859816,0.761556051,0.421144044,1.11179335,StrongW_Antagonism,StrongW_Antagonism,ant-strong_mut-absent,StrongW_Antagonism
11,EM009,0.188,0.73,0.013,0,0,0,0.918,0.013,strong,weak,ant-strong_mut-weak,27,3.432187075,0.682108626,101,2727,0.281,186.964,11.87,6,194024.896,4103183.056,Matasgordas,,0.572323477,0.69903015,6.735532654,1.21158138,0.448092814,0.092132006,1.058881551,1.667690025,StrongW_Antagonism,Mutualism_Antagonism,ant-strong_mut-weak,StrongW_Antagonism
12,EM013,0.062,0,0,0,0,0,0.062,0,strong,absent,ant-strong_mut-absent,33,7.2570729,0.682108626,313,10329,0,349.337,0.01,4,194033.676,4103191.045,Matasgordas,,0.699506472,1.478040867,6.735532654,3.754702692,1.697231637,0.172146073,0.000892065,1.11179335,StrongW_Antagonism,StrongW_Antagonism,ant-strong_mut-absent,StrongW_Antagonism
13,EM028,0,0,0,0,0,0.014,0,0.014,absent,weak,ant-absent_mut-weak,94,7.516254075,0.598509052,207,19458,0.387,703.494,15.374,2,194057.41,4103315.202,Matasgordas,,1.992533587,1.530828041,5.910022406,2.483142036,3.197282719,0.346667343,1.371461244,0.555896675,StrongW_Antagonism,StrongW_Mutualism,ant-absent_mut-weak,StrongW_Mutualism
14,EM031,1.542,0,0,0,0,0.354,1.542,0.354,strong,strong,ant-strong_mut-strong,6,5.599884175,0.682108626,107,642,0.306,944.032,48.404,1,193621.761,4103123.279,Matasgordas,,0.127182995,1.140522877,6.735532654,1.283556511,0.105491598,0.465199512,4.317953041,0.277948337,Mutualism_Antagonism,Mutualism_Antagonism,ant-strong_mut-strong,Mutualism_Antagonism
15,EM044,0,0,0,0,0,0,0,0,absent,absent,ant-absent_mut-absent,24,6.997891725,0.512779553,150,3600,0.077,7132.957,45.261,1,193807.458,4103306.386,Matasgordas,,0.50873198,1.425253693,5.063480055,1.799378287,0.591541669,3.51497419,4.037576906,0.277948337,StrongW_Mutualism,Absent,ant-absent_mut-absent,Absent
16,EM054,0.237,0,0,0,0,0,0.237,0,strong,absent,ant-strong_mut-absent,19,2.536833925,0.682108626,120,2280,0.229,1683.439,10.635,2,193691.82,4103244.69,Matasgordas,,0.40274615,0.516674459,6.735532654,1.43950263,0.374643057,0.829564041,0.948711482,0.555896675,StrongW_Antagonism,StrongW_Antagonism,ant-strong_mut-absent,StrongW_Antagonism
17,EM060,0.777,0,0,0,0,0,0.777,0,strong,absent,ant-strong_mut-absent,23,2.536833925,0.598509052,54,1242,0.039,92.484,10.635,3,193696.232,4103254.367,Matasgordas,,0.487534814,0.516674459,5.910022406,0.647776183,0.204081876,0.045574209,0.948711482,0.833845012,StrongW_Antagonism,StrongW_Antagonism,ant-strong_mut-absent,StrongW_Antagonism
18,EM062B,7.358,0,0,0,0,0,7.358,0,strong,absent,ant-strong_mut-absent,8,2.4504402,0.682108626,330,2640,0.151,175.399,10.56,4,193708.486,4103253.082,Matasgordas,,0.169577327,0.499078734,6.735532654,3.958632231,0.433797224,0.086433012,0.942020992,1.11179335,StrongW_Antagonism,StrongW_Antagonism,ant-strong_mut-absent,StrongW_Antagonism
19,EM066H,4.518,0,0,0,0,0,4.518,0,strong,absent,ant-strong_mut-absent,11,2.40331635,0.682108626,128,1408,0.094,102.21,6.56,3,193712.019,4103266.04,Matasgordas,,0.233168824,0.489481066,6.735532654,1.535469472,0.231358519,0.050366981,0.585194859,0.833845012,StrongW_Mutualism,StrongW_Antagonism,ant-strong_mut-absent,StrongW_Antagonism
20,EM083H,0,0,0,0,0,0.181,0,0.181,absent,strong,ant-absent_mut-strong,28,4.712385,0.682108626,10,280,0.209,17.356,1.418,3,193739.569,4103191.951,Matasgordas,,0.593520643,0.959766797,6.735532654,0.119958552,0.046008796,0.008552679,0.126494864,0.833845012,Mutualism_Antagonism,StrongW_Mutualism,ant-absent_mut-strong,StrongW_Mutualism
21,EM090H,0.382,0.73,0.03,0.002,0,0,1.112,0.032,strong,strong,ant-strong_mut-strong,4,0.51836235,0.682108626,93,372,0.17,1394.462,3.756,3,193740.196,4103195.654,Matasgordas,,0.084788663,0.105574348,6.735532654,1.115614538,0.061125972,0.687162132,0.335059739,0.833845012,StrongW_Antagonism,Mutualism_Antagonism,ant-strong_mut-strong,Mutualism_Antagonism
22,EM097H,1.251,0,0,0,0,0,1.251,0,strong,absent,ant-strong_mut-absent,7,7.46127625,0.682108626,88,616,0.133,6055.654,25.102,1,193904.624,4103236.117,Matasgordas,,0.148380161,1.519630761,6.735532654,1.055635262,0.101219352,2.984101477,2.2392624,0.277948337,StrongW_Antagonism,StrongW_Antagonism,ant-strong_mut-absent,
23,EM117H,0,0,0,0,0,0,0,0,absent,absent,ant-absent_mut-absent,27,1.9792017,0.512779553,339,9153,0.167,3171.469,25.102,1,193918.869,4103215.448,Matasgordas,,0.572323477,0.403102055,5.063480055,4.066594929,1.503994692,1.562834555,2.2392624,0.277948337,StrongW_Antagonism,Absent,ant-absent_mut-absent,
24,EM123H,0.063,0,0,0,0,0,0.063,0,strong,absent,ant-strong_mut-absent,8,4.877318475,0.682108626,183,1464,0.012,5890.579,34.049,1,193680.512,4103140.535,Matasgordas,,0.169577327,0.993358635,6.735532654,2.19524151,0.240560279,2.902755919,3.037393254,0.277948337,StrongW_Antagonism,StrongW_Antagonism,ant-strong_mut-absent,
25,EM128,0,0,0.003,0,0,0,0,0.003,absent,weak,ant-absent_mut-weak,18,6.149662425,0.341853035,260,4680,0.121,7828.07,2.672,7,193994.12,4113945.305,Matasgordas,,0.381548985,1.25249567,3.375653367,3.118922364,0.769004169,3.85751155,0.238359857,1.945638362,StrongW_Antagonism,StrongW_Mutualism,ant-absent_mut-weak,
26,EM133,0,0,0,0,0,0,0,0,absent,absent,ant-absent_mut-absent,118,5.772671625,0.341853035,246,29028,0.348,308.878,1.777,12,194127.183,4114080.502,Matasgordas,,2.501265566,1.175714326,3.375653367,2.950980391,4.769797654,0.152208712,0.15852001,3.33538005,Absent,Absent,ant-absent_mut-absent,
27,EM136,0.007,0,0,0,0,0,0.007,0,weak,absent,ant-weak_mut-absent,21,5.3092871,0.682108626,184,3864,0,60.109,10.361,2,194010.565,4113932.478,Matasgordas,,0.445140482,1.081337258,6.735532654,2.207237365,0.634921391,0.029620476,0.924268892,0.555896675,StrongW_Mutualism,StrongW_Antagonism,ant-weak_mut-absent,
28,EM138,0,0,0,0,0,0,0,0,absent,absent,ant-absent_mut-absent,10,4.7752168,0.682108626,160,1600,0.324,29.02,2.098,10,194010.444,4113929.147,Matasgordas,,0.211971658,0.972563687,6.735532654,1.919336839,0.262907408,0.014300458,0.187155307,2.779483375,StrongW_Mutualism,Absent,ant-absent_mut-absent,
29,EM142,0,0,0.005,0,0,0,0,0.005,absent,weak,ant-absent_mut-weak,13,2.08915735,0.682108626,68,884,0,625.667,2.85,11,194001.073,4113916.157,Matasgordas,,0.275563156,0.425496613,6.735532654,0.815718157,0.145256343,0.308315802,0.25423862,3.057431712,StrongW_Mutualism,StrongW_Mutualism,ant-absent_mut-weak,
30,EM155,0.583,0,0.003,0,0,0.042,0.583,0.045,strong,strong,ant-strong_mut-strong,148,11.27045413,0.305910543,133,19684,0,3198.064,6.726,3,194000.75,4113907.273,Matasgordas,,3.137180541,2.295442256,3.020736541,1.595448748,3.23441839,1.575940023,0.600003143,0.833845012,StrongW_Mutualism,Mutualism_Antagonism,ant-strong_mut-strong,
31,EM160,0.167,0,0,0,0,0,0.167,0,strong,absent,ant-strong_mut-absent,47,4.877318475,0.682108626,109,5123,0.311,10877.358,6.273,2,194030.563,4113710.809,Matasgordas,,0.996266793,0.993358635,6.735532654,1.307548222,0.841796658,5.360137827,0.559592584,0.555896675,StrongW_Antagonism,StrongW_Antagonism,ant-strong_mut-absent,
32,EM163,0,0,0.012,0.004,0,0,0,0.016,absent,weak,ant-absent_mut-weak,7,8.46658505,0.677316294,132,924,0.593,426.325,7.733,6,193981.438,4113696.766,Matasgordas,,0.148380161,1.724381011,6.688210413,1.583452893,0.151829028,0.210084173,0.689834122,1.667690025,StrongW_Antagonism,StrongW_Mutualism,ant-absent_mut-weak,
33,EM171,0,0,0.014,0,0,0,0,0.014,absent,weak,ant-absent_mut-weak,20,2.0106176,0.305910543,192,3840,0.137,193.067,8.993,7,193958.718,4113696.017,Matasgordas,,0.423943316,0.4095005,3.020736541,2.303204207,0.63097778,0.095139438,0.802234355,1.945638362,Mutualism_Antagonism,StrongW_Mutualism,ant-absent_mut-weak,
34,EM190,0,0,0,0,0,0,0,0,absent,absent,ant-absent_mut-absent,39,5.654862,0.682108626,145,5655,0.31,126.661,8.993,8,193959.31,4113687.043,Matasgordas,,0.826689467,1.151720156,6.735532654,1.739399011,0.929213371,0.06241593,0.802234355,2.2235867,StrongW_Mutualism,Absent,ant-absent_mut-absent,
35,EM193,0,0,0,0,0,0,0,0,absent,absent,ant-absent_mut-absent,52,8.482293,0.682108626,264,13728,0.176,1137.691,22.744,1,193926.434,4113718.634,Matasgordas,,1.102252622,1.727580234,6.735532654,3.166905785,2.255745563,0.560630676,2.028913395,0.277948337,Absent,Absent,ant-absent_mut-absent,
36,EM199,0,0,0.017,0,0,0,0,0.017,absent,weak,ant-absent_mut-weak,4,7.20994905,0.923322684,202,808,0.267,3267.272,18.993,1,193878.782,4113752.103,Matasgordas,,0.084788663,1.468443199,9.117418914,2.42316276,0.132768241,1.610044299,1.694299688,0.277948337,StrongW_Antagonism,StrongW_Mutualism,ant-absent_mut-weak,
37,EM227,0,0,0,0,0,0,0,0,absent,absent,ant-absent_mut-absent,10,4.908734375,0.682108626,52,520,0.21,3172.19,8.812,2,193869.883,4113690.758,Matasgordas,,0.211971658,0.99975708,6.735532654,0.623784473,0.085444908,1.563189849,0.786087972,0.555896675,StrongW_Antagonism,Absent,ant-absent_mut-absent,
38,EM234,0,0,0.01,0.002,0,0,0,0.012,absent,weak,ant-absent_mut-weak,32,3.53428875,0.598509052,183,5856,0.206,76.127,1.53,9,193732.385,4113718.233,Matasgordas,,0.678309306,0.719825097,5.910022406,2.19524151,0.962241114,0.037513817,0.136485996,2.501535037,StrongW_Antagonism,StrongW_Mutualism,ant-absent_mut-weak,
39,EM236,0,0,0,0.001,0,0,0,0.001,absent,weak,ant-absent_mut-weak,15,1.767144375,0.682108626,110,1650,0,69.132,2.924,12,193700.483,4113736.589,Matasgordas,,0.317957487,0.359912549,6.735532654,1.319544077,0.271123265,0.034066825,0.260839904,3.33538005,StrongW_Mutualism,StrongW_Mutualism,ant-absent_mut-weak,
40,EM240,0,0,0,0,0,0,0,0,absent,absent,ant-absent_mut-absent,86,9.5504336,0.682108626,300,25800,0.044,4.364,1.933,8,193693.181,4113706.85,Matasgordas,,1.82295626,1.945127375,6.735532654,3.598756574,4.239381958,0.002150489,0.172436229,2.2235867,StrongW_Mutualism,Absent,ant-absent_mut-absent,
41,EM270,0,0,0.019,0.001,0,0,0,0.019,absent,weak,ant-absent_mut-weak,9,2.267835281,0.682108626,237,2133,0,40.311,0.626,10,193723.503,4113715.57,Matasgordas,,0.190774492,0.461887771,6.735532654,2.843017693,0.350488439,0.01986443,0.05584329,2.779483375,Absent,StrongW_Mutualism,ant-absent_mut-weak,
42,EM291H,0.042,0,0,0,0,0,0.042,0,strong,weak,ant-strong_mut-weak,39,2.96880255,0.682108626,71,2769,0,27.393,7.9,8,193731.709,4113716.861,Matasgordas,,0.826689467,0.604653082,6.735532654,0.851705723,0.454994133,0.013498706,0.704731614,2.2235867,StrongW_Mutualism,Mutualism_Antagonism,ant-strong_mut-weak,
43,EM293,0,0,0,0,0,0,0,0,absent,absent,ant-absent_mut-absent,6,1.42942345,0.682108626,47,282,0,89.433,5.56,4,193842.143,4113649.353,Matasgordas,,0.127182995,0.291129262,6.735532654,0.563805197,0.046337431,0.044070739,0.495988325,1.11179335,Mutualism_Antagonism,Absent,ant-absent_mut-absent,
44,EM297H,0,0,0,0.007,0,0,0,0.007,absent,weak,ant-absent_mut-weak,29,2.5761038,0.682108626,160,4640,0,492.571,8.095,3,193926.221,4113617.281,Matasgordas,,0.614717809,0.524672515,6.735532654,1.919336839,0.762431484,0.242728836,0.722126888,0.833845012,StrongW_Antagonism,StrongW_Mutualism,ant-absent_mut-weak,
45,EM298H,0,0,0,0.01,0,0,0,0.01,absent,weak,ant-absent_mut-weak,87,6.36171975,0.598509052,209,18183,0.225,171.589,3.498,8,193962.785,4113605.287,Matasgordas,,1.844153426,1.295685175,5.910022406,2.507133747,2.987778378,0.084555523,0.312044454,2.2235867,Absent,StrongW_Mutualism,ant-absent_mut-weak,
46,EM300H,0,0,0,0,0,0,0,0,absent,absent,ant-absent_mut-absent,18,5.8433574,0.682108626,98,1764,0,245.687,9.011,3,193975.346,4113581.198,Matasgordas,,0.381548985,1.190110828,6.735532654,1.175593814,0.289855418,0.12106949,0.803840072,0.833845012,StrongW_Mutualism,Absent,ant-absent_mut-absent,
47,ER002H,0.028,0,0,0,0,0,0.028,0,strong,absent,ant-strong_mut-absent,12,1.7592904,0.690217391,18,216,0.013,272.756,1.71,4,194030.823,4113553.854,Martinazo,,0.25436599,0.358312937,6.81560326,0.215925394,0.0354925,0.134408535,0.152543172,1.11179335,Mutualism_Antagonism,StrongW_Antagonism,ant-strong_mut-absent,
48,ER007H,0.035,0,0,0.003,0,0,0.035,0.003,strong,weak,ant-strong_mut-weak,33,7.0690144,0.690217391,36,1188,0.106,1365.984,19.73,1,194074.388,4113534.518,Martinazo,,0.699506472,1.439739178,6.81560326,0.431850789,0.195208751,0.673128761,1.760044903,0.277948337,Mutualism_Antagonism,Mutualism_Antagonism,ant-strong_mut-weak,
49,ER028H,0.049,0,0,0.001,0,0.09,0.049,0.091,strong,strong,ant-strong_mut-strong,68,6.9429139,0.690217391,55,3740,0.217,766.931,14.562,2,194090.563,4113501.718,Martinazo,,1.441407275,1.414056414,6.81560326,0.659772039,0.614546067,0.377927789,1.299025539,0.555896675,StrongW_Antagonism,Mutualism_Antagonism,ant-strong_mut-strong,
50,ER033H,0.563,0,0,0.002,0,0,0.563,0.002,strong,weak,ant-strong_mut-weak,70,15.9181175,0.690217391,36,2520,0.079,249.747,12.572,3,194120.042,4113503.675,Martinazo,,1.483801607,3.242027263,6.81560326,0.431850789,0.414079168,0.123070174,1.121504537,0.833845012,Absent,Mutualism_Antagonism,ant-strong_mut-weak,
51,ER036H,0,0,0,0,0,0,0,0,absent,weak,ant-absent_mut-weak,11,14.81259685,0.690217391,102,1122,0,459.829,7.846,2,194143.293,4113445.69,Martinazo,,0.233168824,3.016866964,6.81560326,1.223577235,0.18436382,0.226594254,0.699914461,0.555896675,StrongW_Mutualism,StrongW_Mutualism,ant-absent_mut-weak,
52,ER037H,0,0,0,0,0,0,0,0,absent,absent,ant-absent_mut-absent,296,24.8424176,0.648550725,38,11248,0.049,1041.116,14.19,2,194133.641,4113428.276,Martinazo,,6.274361081,5.059630646,6.40416265,0.455842499,1.84823908,0.513040506,1.265840708,0.555896675,Absent,Absent,ant-absent_mut-absent,
53,ER044H,0,0,0,0,0,0,0,0,absent,absent,ant-absent_mut-absent,66,12.39764688,0.690217391,41,2706,0.019,144.069,1.609,4,194095.701,4113433.212,Martinazo,,1.399012944,2.52501649,6.81560326,0.491830065,0.444642154,0.070994234,0.143533312,1.11179335,StrongW_Mutualism,Absent,ant-absent_mut-absent,
54,ER045H,0,0,0,0,0,0,0,0,absent,absent,ant-absent_mut-absent,44,10.9760774,0.690217391,86,3784,0,169.413,8.066,8,194069.539,4113461.167,Martinazo,,0.932675296,2.235486839,6.81560326,1.031643551,0.621776021,0.083483235,0.719539898,2.2235867,Mutualism_Antagonism,Absent,ant-absent_mut-absent,
55,ER047H,0.028,0,0.015,0,0,0,0.028,0.015,strong,weak,ant-strong_mut-weak,69,12.3995367,0.648550725,27,1863,0,15.129,1.184,16,194043.263,4113455.545,Martinazo,,1.462604441,2.525401388,6.40416265,0.323888092,0.306122813,0.007455259,0.105620536,4.4471734,Absent,Mutualism_Antagonism,ant-strong_mut-weak,
56,ER050H,0,0,0,0,0,0,0,0,absent,absent,ant-absent_mut-absent,50,10.0650163,0.690217391,44,2200,0,121.298,0.01,15,194038.787,4113448.563,Martinazo,,1.059858291,2.049931925,6.81560326,0.527817631,0.361497686,0.059773154,0.000892065,4.169225062,Absent,Absent,ant-absent_mut-absent,
57,ER052X,0,0,0,0,0,0,0,0,absent,absent,ant-absent_mut-absent,68,17.6893362,0.690217391,15,1020,0.282,146.928,0.01,10,194029.337,4113470.601,Martinazo,,1.441407275,3.602769625,6.81560326,0.179937829,0.167603473,0.07240309,0.000892065,2.779483375,Absent,Absent,ant-absent_mut-absent,
58,ER053H,0,0.021,0.106,0.005,0,0,0.021,0.111,weak,strong,ant-weak_mut-strong,54,12.8707752,0.648550725,54,2916,0.667,109.645,5.667,4,193943.302,4113435.085,Martinazo,,1.144646954,2.621378067,6.40416265,0.647776183,0.479148752,0.054030796,0.505533425,1.11179335,StrongW_Mutualism,Mutualism_Antagonism,ant-weak_mut-strong,
59,ER061H,0.104,0,0,0,0,0,0.104,0,strong,absent,ant-strong_mut-absent,14,6.7858344,0.648550725,13,182,0.159,1250.008,9.773,2,193914.99,4113416.934,Martinazo,,0.296760321,1.382064187,6.40416265,0.155946118,0.029905718,0.615978178,0.871815451,0.555896675,Mutualism_Antagonism,StrongW_Antagonism,ant-strong_mut-absent,
60,ER067H,0,0,0.01,0.002,0,0.028,0,0.04,absent,strong,ant-absent_mut-strong,24,7.3513206,0.690217391,27,648,0.158,403.888,9.365,5,193877.167,4113508.098,Martinazo,,0.50873198,1.497236203,6.81560326,0.323888092,0.1064775,0.199027682,0.835419185,1.389741687,Mutualism_Antagonism,StrongW_Mutualism,ant-absent_mut-strong,
61,ER070H,0.021,0,0.012,0,0,0,0.021,0.012,weak,weak,ant-weak_mut-weak,30,4.398226,0.648550725,31,930,0,495.235,10.208,2,193741.581,4113823.871,Martinazo,,0.635914974,0.895782344,6.40416265,0.371871513,0.152814931,0.244041601,0.910620293,0.555896675,StrongW_Antagonism,Mutualism_Antagonism,ant-weak_mut-weak,
62,ER071M-H,0,0,0.016,0,0,0,0,0.016,absent,weak,ant-absent_mut-weak,12,6.4088436,0.690217391,42,504,0.162,158.79,4.662,5,193755.075,4113805.16,Martinazo,,0.25436599,1.305282843,6.81560326,0.50382592,0.082815834,0.078248439,0.415880859,1.389741687,Mutualism_Antagonism,StrongW_Mutualism,ant-absent_mut-weak,
63,ER072H,0,0,0,0,0,0,0,0,absent,absent,ant-absent_mut-absent,133,9.3955386,0.690217391,71,9443,0.435,26.097,3.01,5,193756.281,4113810.034,Martinazo,,2.819223053,1.913580063,6.81560326,0.851705723,1.55164666,0.012860064,0.268511665,1.389741687,Mutualism_Antagonism,Absent,ant-absent_mut-absent,
64,ER073H,0.208,0,0,0,0,0.438,0.208,0.438,strong,strong,ant-strong_mut-strong,12,16.5583638,0.956521739,90,1080,0,1191.771,12.776,2,193890.312,4113792.495,Martinazo,,0.25436599,3.372425594,9.445245466,1.079626972,0.177462501,0.587280185,1.13970267,0.555896675,Mutualism_Antagonism,Mutualism_Antagonism,ant-strong_mut-strong,
65,ER074M-H,0,0,0,0,0,0,0,0,absent,absent,ant-absent_mut-absent,138,10.7150064,0.690217391,45,6210,0.133,168.747,10.485,7,193671.785,4113818.096,Martinazo,,2.925208883,2.182314766,6.81560326,0.539813486,1.020409378,0.083155044,0.935330502,1.945638362,Mutualism_Antagonism,Absent,ant-absent_mut-absent,
66,ER079H,0,0.028,0.201,0.001,0,0,0.028,0.202,strong,strong,ant-strong_mut-strong,22,5.1836235,0.690217391,20,440,0.012,573.033,14.607,7,193819.539,4113420.419,Martinazo,,0.466337648,1.055743476,6.81560326,0.239917105,0.072299537,0.282378851,1.303039833,1.945638362,StrongW_Mutualism,Mutualism_Antagonism,ant-strong_mut-strong,
67,ER080H,0,0,0,0.001,0,0,0,0.001,absent,weak,ant-absent_mut-weak,34,7.74401935,0.648550725,53,1802,0.479,1297.582,18.798,2,193835.352,4113462.872,Martinazo,,0.720703638,1.577216769,6.40416265,0.635780328,0.296099469,0.639421665,1.676904414,0.555896675,Mutualism_Antagonism,StrongW_Mutualism,ant-absent_mut-weak,
68,ER085H,0,0,0.082,0,0,0,0,0.082,absent,strong,ant-absent_mut-strong,131,20.371616,0.690217391,93,12183,0.09,1960.413,27.551,1,193862.832,4113437.124,Martinazo,,2.776828722,4.149066901,6.81560326,1.115614538,2.001875597,0.96605112,2.457729201,0.277948337,Mutualism_Antagonism,StrongW_Mutualism,ant-absent_mut-strong,
69,ER086H,0.083,0,0.075,0.003,0.013,0,0.083,0.091,strong,strong,ant-strong_mut-strong,128,17.805256,0.648550725,104,13312,0.54,1774.9,6.857,2,193839.505,4113357.877,Martinazo,,2.713237224,3.626378896,6.40416265,1.247568946,2.187389637,0.874634137,0.611689199,0.555896675,Mutualism_Antagonism,Mutualism_Antagonism,ant-strong_mut-strong,
70,ER090H,0,0,0.005,0.004,0,0,0,0.009,absent,weak,ant-absent_mut-weak,51,3.7287483,0.648550725,17,867,0,3033.539,40.859,1,193904.455,4113367.218,Martinazo,,1.081055457,0.759430482,6.40416265,0.203929539,0.142462952,1.494865494,3.644889747,0.277948337,Mutualism_Antagonism,StrongW_Mutualism,ant-absent_mut-weak,