plant,deer,wildboar,rabbit,rat,fox,badger,ant,mut,class_ant,class_mut,combination,motif,inf_s,size_s,sincr_s,fruits_s,fruit_set_s,del.area_s,nn_s,dens_s,pop
CHU0108,0,0,0.003972222,0,0,0,0,0.003972222,absent,weak,ant-absent_mut-weak,Mutualist,-0.226204041,-0.579353719,0.281109312,0.457384824,0.05140544,-0.27401307,0.211030798,-0.397069054,Matasgordas
CHU0111,0,0,0,0,0,0,0,0,absent,absent,ant-absent_mut-absent,No_Interaction,0.197739275,-0.515369266,0.281109312,-0.094424518,0.163469723,0.045300583,0.648767258,-0.952965729,Matasgordas
CHU096M,0.6798,0,0,0,0,0.019888889,0.6798,0.019888889,strong,weak,ant-strong_mut-weak,Mutualist-Antagonist,-0.438175699,-0.872082592,0.281109312,0.74528535,-0.114226227,-0.582094308,-0.523317384,0.714724296,Matasgordas
CHU100,0,0,0,0,0,0,0,0,absent,absent,ant-absent_mut-absent,No_Interaction,0.049359115,-0.487376067,-0.544400935,-0.154403794,-0.000847407,0.892897886,0.50434188,-0.675017391,Matasgordas
CHU105M,0,0,0.055611111,0,0,0.001243055,0,0.056854166,absent,strong,ant-absent_mut-strong,Mutualist,-0.205006875,-0.649736617,-0.544400935,-0.874155109,-0.543093936,-0.126520256,1.112016785,-0.952965729,Matasgordas
CHU114M,0.2884,0,0.003972222,0,0,0.007458333,0.2884,0.011430556,strong,weak,ant-strong_mut-weak,Mutualist-Antagonist,-0.522964362,-0.980856162,0.281109312,0.781272915,-0.223168484,-0.074775957,0.237703552,-0.675017391,Matasgordas
EM001H,0.0618,0,0,0,0,0,0.0618,0,strong,absent,ant-strong_mut-absent,Antagonist,-0.713738855,-0.716920293,-0.544400935,-0.634238004,-0.687693011,-0.056224784,0.955637732,-0.952965729,Matasgordas
EM003H,0,0,0.019861111,0,0,0,0,0.019861111,absent,weak,ant-absent_mut-weak,Mutualist,-0.014232383,-0.708922236,0.281109312,0.241459429,0.180558705,0.506920052,3.188923295,-0.952965729,Matasgordas
EM007,0,0,0.021847222,0,0,0,0,0.021847222,absent,weak,ant-absent_mut-weak,Mutualist,0.388513768,-0.548961104,0.281109312,1.153144428,1.385660537,-0.478755021,0.255544859,-0.119120716,Matasgordas
EM008,0,0,0.011916667,0,0,0,0,0.011916667,absent,weak,ant-absent_mut-weak,Mutualist,-0.565358694,0.230049613,0.281109312,-0.070432807,-0.48163933,0.124899237,-0.651596379,-0.119120716,Matasgordas
EM009,0,0,0,0,0,0,0,0,absent,absent,ant-absent_mut-absent,No_Interaction,-0.353387036,-0.6897269,0.281109312,-0.202387215,-0.346406332,-0.544524808,-0.013858872,0.436775959,Matasgordas
EM013,0,0,0.027805555,0,0,0,0,0.027805555,absent,weak,ant-absent_mut-weak,Mutualist,-0.226204041,0.089283816,0.281109312,2.340734097,0.902732492,-0.46451074,-1.071848358,-0.119120716,Matasgordas
EM028,0,0,0,0,0,0,0,0,absent,absent,ant-absent_mut-absent,No_Interaction,1.066823074,0.14207099,-0.544400935,1.069173441,2.402783573,-0.28998947,0.298720821,-0.675017391,Matasgordas
EM031,0,0,0.023833334,0.01716,0,0,0,0.040993334,absent,weak,ant-absent_mut-weak,Mutualist,-0.798527518,-0.248234174,0.281109312,-0.130412083,-0.689007548,-0.171457301,3.245212618,-0.952965729,Matasgordas
EM044,0,0,0,0.036465,0,0,0,0.036465,absent,weak,ant-absent_mut-weak,Mutualist,-0.416978533,0.036496642,-1.390943286,0.385409692,-0.202957477,2.878317377,2.964836483,-0.952965729,Matasgordas
EM054,0,0,0,0,0,0,0,0,absent,absent,ant-absent_mut-absent,No_Interaction,-0.522964362,-0.872082592,0.281109312,0.025534035,-0.419856089,0.192907228,-0.124028941,-0.675017391,Matasgordas
EM060,0,0,0.029791667,0.016206667,0,0,0,0.045998334,absent,weak,ant-absent_mut-weak,Mutualist,-0.438175699,-0.872082592,-0.544400935,-0.766192412,-0.59041727,-0.591082604,-0.124028941,-0.397069054,Matasgordas
EM062B,0.0412,0,0,0.012155,0,0,0.0412,0.012155,weak,weak,ant-weak_mut-weak,Mutualist-Antagonist,-0.756133186,-0.889678316,0.281109312,2.544663637,-0.360701922,-0.550223801,-0.130719431,-0.119120716,Matasgordas
EM066H,0,0,0,0,0,0,0,0,absent,absent,ant-absent_mut-absent,No_Interaction,-0.692541689,-0.899275984,0.281109312,0.121500877,-0.563140626,-0.586289832,-0.487545564,-0.397069054,Matasgordas
EM083H,0,0,0,0.125601667,0,0,0,0.125601667,absent,strong,ant-absent_mut-strong,Mutualist,-0.33218987,-0.428990254,0.281109312,-1.294010042,-0.748490349,-0.628104134,-0.946245559,-0.397069054,Matasgordas
EM090H,0,0,0,0.26741,0,0,0,0.26741,absent,strong,ant-absent_mut-strong,Mutualist,-0.84092185,-1.283182703,0.281109312,-0.298354057,-0.733373173,0.050505319,-0.737680684,-0.397069054,Matasgordas
EM097H,0,0,0,0,0,0,0,0,absent,absent,ant-absent_mut-absent,No_Interaction,-0.777330352,0.130873711,0.281109312,-0.358333333,-0.693279793,2.347444663,1.166521977,-0.952965729,Matasgordas
EM117H,0.0412,0,0,0,0,0,0.0412,0,weak,absent,ant-weak_mut-absent,Antagonist,-0.353387036,-0.985654996,-1.390943286,2.652626334,0.709495547,0.926177742,1.166521977,-0.952965729,Matasgordas
EM123H,0.034333333,0,0,0.028361667,0,0,0.034333333,0.028361667,weak,weak,ant-weak_mut-weak,Mutualist-Antagonist,-0.756133186,-0.395398416,0.281109312,0.781272915,-0.553938867,2.266099106,1.964652831,-0.952965729,Matasgordas
EM128,0.048066666,0,0,0.03575,0,0.016159722,0.048066666,0.051909722,weak,strong,ant-weak_mut-strong,Mutualist-Antagonist,-0.544161528,-0.136261381,-3.078769975,1.704953769,-0.025494976,3.220854736,-0.834380566,0.714724296,Matasgordas
EM133,0.5356,0,0,0.055055,0,0,0.5356,0.055055,strong,strong,ant-strong_mut-strong,Mutualist-Antagonist,1.575555053,-0.213042725,-3.078769975,1.537011796,3.975298509,-0.484448101,-0.914220413,2.104465984,Matasgordas
EM136,0,0,0,0,0,0,0,0,absent,absent,ant-absent_mut-absent,No_Interaction,-0.480570031,-0.307419793,0.281109312,0.793268771,-0.159577755,-0.607036337,-0.148471531,-0.675017391,Matasgordas
EM138,0,0,0,0,0,0,0,0,absent,absent,ant-absent_mut-absent,No_Interaction,-0.713738855,-0.416193363,0.281109312,0.505368245,-0.531591737,-0.622356356,-0.885585116,1.548569309,Matasgordas
EM142,0,0,0,0,0,0,0,0,absent,absent,ant-absent_mut-absent,No_Interaction,-0.650147357,-0.963260437,0.281109312,-0.598250438,-0.649242803,-0.328341012,-0.818501803,1.826517646,Matasgordas
EM155,0,0,0,0,0,0,0,0,absent,absent,ant-absent_mut-absent,No_Interaction,2.211470028,0.906685206,-3.433686801,0.181480153,2.439919244,0.93928321,-0.47273728,-0.397069054,Matasgordas
EM160,0.027466667,0,0.023833334,0,0,0,0.027466667,0.023833334,weak,weak,ant-weak_mut-weak,Mutualist-Antagonist,0.07055628,-0.395398416,0.281109312,-0.106420373,0.047297512,4.723481013,-0.513147839,-0.675017391,Matasgordas
EM163,0,0,0,0,0,0,0,0,absent,absent,ant-absent_mut-absent,No_Interaction,-0.777330352,0.335623961,0.233787071,0.169484298,-0.642670117,-0.426572641,-0.382906301,0.436775959,Matasgordas
EM171,0,0,0,0,0,0,0,0,absent,absent,ant-absent_mut-absent,No_Interaction,-0.501767197,-0.979256551,-3.433686801,0.889235612,-0.163521366,-0.541517375,-0.270506069,0.714724296,Matasgordas
EM190,0,0.020833333,0.168819445,0.047666667,0,0,0.020833333,0.216486111,weak,strong,ant-weak_mut-strong,Mutualist-Antagonist,-0.099021046,-0.237036895,0.281109312,0.325430416,0.134714225,-0.574240883,-0.270506069,0.992672634,Matasgordas
EM193,0.054933333,0,0,0,0,0,0.054933333,0,strong,absent,ant-strong_mut-absent,Antagonist,0.17654211,0.338823183,0.281109312,1.75293719,1.461246417,-0.076026138,0.956172972,-0.952965729,Matasgordas
EM199,0,0,0.039722222,0.023833333,0,0.049722222,0,0.113277778,absent,strong,ant-absent_mut-strong,Mutualist,-0.84092185,0.079686148,2.662995572,1.009194165,-0.661730904,0.973387486,0.621559265,-0.952965729,Matasgordas
EM227,0.0206,0,0.007944445,0,0,0,0.0206,0.007944445,weak,weak,ant-weak_mut-weak,Mutualist-Antagonist,-0.713738855,-0.388999971,0.281109312,-0.790184122,-0.709054238,0.926533036,-0.286652451,-0.675017391,Matasgordas
EM234,0,0,0.025819444,0,0,0,0,0.025819444,absent,weak,ant-absent_mut-weak,Mutualist,-0.247401207,-0.668931953,-0.544400935,0.781272915,0.167741969,-0.599142997,-0.936254427,1.270620971,Matasgordas
EM236,0,0,0,0,0,0,0,0,absent,absent,ant-absent_mut-absent,No_Interaction,-0.607753026,-1.028844502,0.281109312,-0.094424518,-0.523375881,-0.602589989,-0.81190052,2.104465984,Matasgordas
EM240,0.206,0,0,0,0,0.0783125,0.206,0.0783125,strong,strong,ant-strong_mut-strong,Mutualist-Antagonist,0.897245747,0.556370324,0.281109312,2.184787979,3.444882813,-0.634506324,-0.900304194,0.992672634,Matasgordas
EM270,0,0,0,0,0,0,0,0,absent,absent,ant-absent_mut-absent,No_Interaction,-0.73493602,-0.92686928,0.281109312,1.429049099,-0.444010707,-0.616792383,-1.016897133,1.548569309,Matasgordas
EM291H,0,0.027777778,0.32175,0.016206667,0,0,0.027777778,0.337956667,weak,strong,ant-weak_mut-strong,Mutualist-Antagonist,-0.099021046,-0.784103969,0.281109312,-0.562262872,-0.339505012,-0.623158108,-0.36800881,0.992672634,Matasgordas
EM293,0,0,0,0.024786667,0,0,0,0.024786667,absent,weak,ant-absent_mut-weak,Mutualist,-0.798527518,-1.097627789,0.281109312,-0.850163398,-0.748161715,-0.592586074,-0.576752098,-0.119120716,Matasgordas
EM297H,0.2678,0,0.3575,0,0,0,0.2678,0.3575,strong,strong,ant-strong_mut-strong,Mutualist-Antagonist,-0.310992704,-0.864084535,0.281109312,0.505368245,-0.032067662,-0.393927977,-0.350613536,-0.397069054,Matasgordas
EM298H,0.1648,0,0.3575,0.09009,0.002486111,0,0.1648,0.450076111,strong,strong,ant-strong_mut-strong,Mutualist-Antagonist,0.918442913,-0.093071875,-0.544400935,1.093165152,2.193279232,-0.552101291,-0.760695969,0.992672634,Matasgordas
EM300H,0,0,0.023833333,0.10725,0.002486111,0,0,0.133569444,absent,strong,ant-absent_mut-strong,Mutualist,-0.544161528,-0.198646223,0.281109312,-0.238374781,-0.504643728,-0.515587324,-0.268900351,-0.397069054,Matasgordas
ER002H,0.01373608,0.013883333,0,0,0,0,0.027619413,0,weak,absent,ant-weak_mut-absent,Antagonist,-0.671344523,-1.030444113,0.361179918,-1.1980432,-0.759006645,-0.502248278,-0.920197251,-0.119120716,Martinazo
ER007H,0.0618,0.013891667,0.007946033,0,0,0,0.075691667,0.007946033,strong,weak,ant-strong_mut-weak,Mutualist-Antagonist,-0.226204041,0.050982127,0.361179918,-0.982117806,-0.599290395,0.036471947,0.68730448,-0.952965729,Martinazo
ER028H,0.11668664,0,0,0,0,0,0.11668664,0,strong,absent,ant-strong_mut-absent,Antagonist,0.515696763,0.025299363,0.361179918,-0.754196556,-0.179953079,-0.258729024,0.226285116,-0.675017391,Martinazo
ER033H,0.2266,0,0,0,0,0,0.2266,0,strong,absent,ant-strong_mut-absent,Antagonist,0.558091094,1.853270212,0.361179918,-0.982117806,-0.380419978,-0.513586639,0.048764114,-0.397069054,Martinazo
ER036H,7.7456,0.041675,0.001985317,0,0,0.012425583,7.787275,0.0144109,strong,weak,ant-strong_mut-weak,Mutualist-Antagonist,-0.692541689,1.628109914,0.361179918,-0.19039136,-0.610135326,-0.41006256,-0.372825962,-0.675017391,Martinazo
ER037H,0,0.152808333,0,0,0,0,0.152808333,0,strong,absent,ant-strong_mut-absent,Antagonist,5.348650569,3.670873595,-0.050260692,-0.958126095,1.053739934,-0.123616307,0.193100285,-0.675017391,Martinazo
ER044H,0.14419176,0.347291667,0,0,0,0,0.491483427,0,strong,absent,ant-strong_mut-absent,Antagonist,0.473302431,1.136259439,0.361179918,-0.92213853,-0.349856991,-0.56566258,-0.929207111,-0.119120716,Martinazo
ER045H,0.61797528,0,0,0,0,0,0.61797528,0,strong,absent,ant-strong_mut-absent,Antagonist,0.006964783,0.846729788,0.361179918,-0.382325044,-0.172723125,-0.553173579,-0.353200525,0.992672634,Martinazo
ER047H,0.05494432,0.097183333,0,0,0,0,0.152127653,0,strong,absent,ant-strong_mut-absent,Antagonist,0.536893928,1.136644337,-0.050260692,-1.090080503,-0.488376332,-0.629201554,-0.967119888,3.216259334,Martinazo
ER050H,0.02747216,0.055533333,0,0,0,0,0.083005493,0,strong,absent,ant-strong_mut-absent,Antagonist,0.134147778,0.661174874,0.361179918,-0.886150964,-0.433001459,-0.576883659,-1.071848358,2.938310996,Martinazo
ER052X,0.1854,0.62505,0.019865083,0,0,0,0.81045,0.019865083,strong,weak,ant-strong_mut-weak,Mutualist-Antagonist,0.515696763,2.214012574,0.361179918,-1.234030766,-0.626895673,-0.564253723,-1.071848358,1.548569309,Martinazo
ER053H,0.06177528,0,0,0,0,0,0.06177528,0,strong,absent,ant-strong_mut-absent,Antagonist,0.218936441,1.232621017,-0.050260692,-0.766192412,-0.315350394,-0.582626017,-0.567206999,-0.119120716,Martinazo
ER061H,0,0,0,0,0,0.002486608,0,0.002486608,absent,weak,ant-absent_mut-weak,Mutualist,-0.628950191,-0.006692863,-0.050260692,-1.258022477,-0.764593428,-0.020678635,-0.200924973,-0.675017391,Martinazo
ER067H,1.8128,0,0,0,0.009946433,0.048479167,1.8128,0.0584256,strong,strong,ant-strong_mut-strong,Mutualist-Antagonist,-0.416978533,0.108479152,0.361179918,-1.090080503,-0.688021645,-0.437629132,-0.237321238,0.158827621,Martinazo
ER070H,0.74152584,0,0.46475,0,0.019892867,0,0.74152584,0.484642867,strong,strong,ant-strong_mut-strong,Mutualist-Antagonist,-0.289795538,-0.492974707,-0.050260692,-1.042097082,-0.641684215,-0.392615213,-0.162120131,-0.675017391,Martinazo
ER071M-H,0.6181236,0,0,0,0,0,0.6181236,0,strong,absent,ant-strong_mut-absent,Antagonist,-0.671344523,-0.083474207,0.361179918,-0.910142674,-0.711683312,-0.558408374,-0.656859565,0.158827621,Martinazo
ER072H,1.30477104,0,0,0,0,0,1.30477104,0,strong,absent,ant-strong_mut-absent,Antagonist,1.893512541,0.524823012,0.361179918,-0.562262872,0.757147515,-0.62379675,-0.804228758,0.158827621,Martinazo
ER073H,8.17100648,0,0,0,0,0,8.17100648,0,strong,absent,ant-strong_mut-absent,Antagonist,-0.671344523,1.983668543,2.990822124,-0.334341623,-0.617036645,-0.049376629,0.066962247,-0.675017391,Martinazo
ER074M-H,4.51800848,0,0,0,0,0,4.51800848,0,strong,absent,ant-strong_mut-absent,Antagonist,1.99949837,0.793557715,0.361179918,-0.874155109,0.225910233,-0.55350177,-0.137409921,0.714724296,Martinazo
ER079H,0,0,0,0,0,0.032325908,0,0.032325908,absent,weak,ant-absent_mut-weak,Mutualist,-0.459372865,-0.333013574,0.361179918,-1.17405149,-0.722199608,-0.354277962,0.23029941,0.714724296,Martinazo
ER080H,1.82642896,0.243075,0.810333333,0.057574183,0,0.0895,2.06950396,0.957407516,strong,strong,ant-strong_mut-strong,Mutualist-Antagonist,-0.205006875,0.188459719,-0.050260692,-0.778188267,-0.498399677,0.002764851,0.604163991,-0.675017391,Martinazo
ER085H,1.23609888,0,0,0,0,0,1.23609888,0,strong,absent,ant-strong_mut-absent,Antagonist,1.851118209,2.760309851,0.361179918,-0.298354057,1.207376451,0.329394306,1.384988777,-0.952965729,Martinazo
ER086H,0.98870112,0,0,0,0,0,0.98870112,0,strong,absent,ant-strong_mut-absent,Antagonist,1.787526712,2.237621846,-0.050260692,-0.166399649,1.392890491,0.237977324,-0.461051224,-0.675017391,Martinazo
ER090H,0.0618,0,0,0,0,0,0.0618,0,strong,absent,ant-strong_mut-absent,Antagonist,0.155344944,-0.629326569,-0.050260692,-1.210039056,-0.652036194,0.858208681,2.572149323,-0.952965729,Martinazo