  ,deer,wildboar,rabbit,rat,fox,badger,ant,mut,class_ant,class_mut,combination,motif,inf_s,size_s,sincr_s,fruits_s,fruit_set_s,del.area_s,nn_s,dens_s,pop,inf,size,sincr,fruits,fruit_set,exit_pol,del.area,nn,dens
CHU0108,0,0,0.003972222,0,0,0,0,0.003972222,absent,weak,ant-absent_mut-weak,Mutualist,0.69950647,0.80940333,6.73553265,1.87135342,0.84590459,0.36264374,1.28377122,0.83384501,Matasgordas,33,3.97411135,0.682108626,156,5148,0.26,735.915,14.391,3
CHU0111,0,0,0,0,0,0,0,0,absent,absent,ant-absent_mut-absent,No_Interaction,1.12344979,0.87338779,6.73553265,1.31954408,0.95796887,0.6819574,1.72150768,0.27794834,Matasgordas,53,4.28827035,0.682108626,110,5830,0.133,1383.9,19.298,1
CHU096M,0.6798,0,0,0,0,0.019888889,0.6798,0.019888889,strong,weak,ant-strong_mut-weak,Mutualist-Antagonist,0.48753481,0.51667446,6.73553265,2.15925394,0.68027292,0.05456251,0.54942304,1.94563836,Matasgordas,23,2.536833925,0.682108626,180,4140,0.069,110.724,6.159,7
CHU100,0,0,0,0,0,0,0,0,absent,absent,ant-absent_mut-absent,No_Interaction,0.97506963,0.90138098,5.91002241,1.2595648,0.79365174,1.5295547,1.5770823,0.55589668,Matasgordas,46,4.425714913,0.598509052,105,4830,0.019,3103.934,17.679,2
CHU105M,0,0,0.055611111,0,0,0.001243055,0,0.056854166,absent,strong,ant-absent_mut-strong,Mutualist,0.72070364,0.73902043,5.91002241,0.53981349,0.25140521,0.51013656,2.18475721,0.27794834,Matasgordas,34,3.62853645,0.598509052,45,1530,0.577,1035.223,24.491,1
CHU114M,0.2884,0,0.003972222,0,0,0.007458333,0.2884,0.011430556,strong,weak,ant-strong_mut-weak,Mutualist-Antagonist,0.40274615,0.40790089,6.73553265,2.19524151,0.57133066,0.56188086,1.31044398,0.55589668,Matasgordas,19,2.002763625,0.682108626,183,3477,0.093,1140.228,14.69,2
EM001H,0.0618,0,0,0,0,0,0.0618,0,strong,absent,ant-strong_mut-absent,Antagonist,0.21197166,0.67183676,5.91002241,0.77973059,0.10680614,0.58043203,2.02837816,0.27794834,Matasgordas,10,3.2986695,0.598509052,65,650,0.196,1177.874,22.738,1
EM003H,0,0,0.019861111,0,0,0,0,0.019861111,absent,weak,ant-absent_mut-weak,Mutualist,0.91147813,0.67983481,6.73553265,1.65542802,0.97505785,1.14357687,4.26166372,0.27794834,Matasgordas,43,3.337939375,0.682108626,138,5934,0.031,2320.667,47.773,1
EM007,0,0,0.021847222,0,0,0,0,0.021847222,absent,weak,ant-absent_mut-weak,Mutualist,1.31422428,0.83979595,6.73553265,2.56711302,2.18015968,0.15790179,1.32828528,1.11179335,Matasgordas,62,4.123336875,0.682108626,214,13268,0.354,320.431,14.89,4
EM008,0,0,0.011916667,0,0,0,0,0.011916667,absent,weak,ant-absent_mut-weak,Mutualist,0.36035182,1.61880666,6.73553265,1.34353579,0.31285982,0.76155605,0.42114404,1.11179335,Matasgordas,17,7.9482227,0.682108626,112,1904,0.457,1545.43,4.721,4
EM009,0,0,0,0,0,0,0,0,absent,absent,ant-absent_mut-absent,No_Interaction,0.57232348,0.69903015,6.73553265,1.21158138,0.44809281,0.09213201,1.05888155,1.66769003,Matasgordas,27,3.432187075,0.682108626,101,2727,0.281,186.964,11.87,6
EM013,0,0,0.027805555,0,0,0,0,0.027805555,absent,weak,ant-absent_mut-weak,Mutualist,0.69950647,1.47804087,6.73553265,3.75470269,1.69723164,0.17214607,0.00089207,1.11179335,Matasgordas,33,7.2570729,0.682108626,313,10329,0,349.337,0.01,4
EM028,0,0,0,0,0,0,0,0,absent,absent,ant-absent_mut-absent,No_Interaction,1.99253359,1.53082804,5.91002241,2.48314204,3.19728272,0.34666734,1.37146124,0.55589668,Matasgordas,94,7.516254075,0.598509052,207,19458,0.387,703.494,15.374,2
EM031,0,0,0.023833334,0.01716,0,0,0,0.040993334,absent,weak,ant-absent_mut-weak,Mutualist,0.127183,1.14052288,6.73553265,1.28355651,0.1054916,0.46519951,4.31795304,0.27794834,Matasgordas,6,5.599884175,0.682108626,107,642,0.306,944.032,48.404,1
EM044,0,0,0,0.036465,0,0,0,0.036465,absent,weak,ant-absent_mut-weak,Mutualist,0.50873198,1.42525369,5.06348006,1.79937829,0.59154167,3.51497419,4.03757691,0.27794834,Matasgordas,24,6.997891725,0.512779553,150,3600,0.077,7132.957,45.261,1
EM054,0,0,0,0,0,0,0,0,absent,absent,ant-absent_mut-absent,No_Interaction,0.40274615,0.51667446,6.73553265,1.43950263,0.37464306,0.82956404,0.94871148,0.55589668,Matasgordas,19,2.536833925,0.682108626,120,2280,0.229,1683.439,10.635,2
EM060,0,0,0.029791667,0.016206667,0,0,0,0.045998334,absent,weak,ant-absent_mut-weak,Mutualist,0.48753481,0.51667446,5.91002241,0.64777618,0.20408188,0.04557421,0.94871148,0.83384501,Matasgordas,23,2.536833925,0.598509052,54,1242,0.039,92.484,10.635,3
EM062B,0.0412,0,0,0.012155,0,0,0.0412,0.012155,weak,weak,ant-weak_mut-weak,Mutualist-Antagonist,0.16957733,0.49907873,6.73553265,3.95863223,0.43379722,0.08643301,0.94202099,1.11179335,Matasgordas,8,2.4504402,0.682108626,330,2640,0.151,175.399,10.56,4
EM066H,0,0,0,0,0,0,0,0,absent,absent,ant-absent_mut-absent,No_Interaction,0.23316882,0.48948107,6.73553265,1.53546947,0.23135852,0.05036698,0.58519486,0.83384501,Matasgordas,11,2.40331635,0.682108626,128,1408,0.094,102.21,6.56,3
EM083H,0,0,0,0.125601667,0,0,0,0.125601667,absent,strong,ant-absent_mut-strong,Mutualist,0.59352064,0.9597668,6.73553265,0.11995855,0.0460088,0.00855268,0.12649486,0.83384501,Matasgordas,28,4.712385,0.682108626,10,280,0.209,17.356,1.418,3
EM090H,0,0,0,0.26741,0,0,0,0.26741,absent,strong,ant-absent_mut-strong,Mutualist,0.08478866,0.10557435,6.73553265,1.11561454,0.06112597,0.68716213,0.33505974,0.83384501,Matasgordas,4,0.51836235,0.682108626,93,372,0.17,1394.462,3.756,3
EM097H,0,0,0,0,0,0,0,0,absent,absent,ant-absent_mut-absent,No_Interaction,0.14838016,1.51963076,6.73553265,1.05563526,0.10121935,2.98410148,2.2392624,0.27794834,Matasgordas,7,7.46127625,0.682108626,88,616,0.133,6055.654,25.102,1
EM117H,0.0412,0,0,0,0,0,0.0412,0,weak,absent,ant-weak_mut-absent,Antagonist,0.57232348,0.40310206,5.06348006,4.06659493,1.50399469,1.56283456,2.2392624,0.27794834,Matasgordas,27,1.9792017,0.512779553,339,9153,0.167,3171.469,25.102,1
EM123H,0.034333333,0,0,0.028361667,0,0,0.034333333,0.028361667,weak,weak,ant-weak_mut-weak,Mutualist-Antagonist,0.16957733,0.99335864,6.73553265,2.19524151,0.24056028,2.90275592,3.03739325,0.27794834,Matasgordas,8,4.877318475,0.682108626,183,1464,0.012,5890.579,34.049,1
EM128,0.048066666,0,0,0.03575,0,0.016159722,0.048066666,0.051909722,weak,strong,ant-weak_mut-strong,Mutualist-Antagonist,0.38154899,1.25249567,3.37565337,3.11892236,0.76900417,3.85751155,0.23835986,1.94563836,Matasgordas,18,6.149662425,0.341853035,260,4680,0.121,7828.07,2.672,7
EM133,0.5356,0,0,0.055055,0,0,0.5356,0.055055,strong,strong,ant-strong_mut-strong,Mutualist-Antagonist,2.50126557,1.17571433,3.37565337,2.95098039,4.76979765,0.15220871,0.15852001,3.33538005,Matasgordas,118,5.772671625,0.341853035,246,29028,0.348,308.878,1.777,12
EM136,0,0,0,0,0,0,0,0,absent,absent,ant-absent_mut-absent,No_Interaction,0.44514048,1.08133726,6.73553265,2.20723737,0.63492139,0.02962048,0.92426889,0.55589668,Matasgordas,21,5.3092871,0.682108626,184,3864,0,60.109,10.361,2
EM138,0,0,0,0,0,0,0,0,absent,absent,ant-absent_mut-absent,No_Interaction,0.21197166,0.97256369,6.73553265,1.91933684,0.26290741,0.01430046,0.18715531,2.77948338,Matasgordas,10,4.7752168,0.682108626,160,1600,0.324,29.02,2.098,10
EM142,0,0,0,0,0,0,0,0,absent,absent,ant-absent_mut-absent,No_Interaction,0.27556316,0.42549661,6.73553265,0.81571816,0.14525634,0.3083158,0.25423862,3.05743171,Matasgordas,13,2.08915735,0.682108626,68,884,0,625.667,2.85,11
EM155,0,0,0,0,0,0,0,0,absent,absent,ant-absent_mut-absent,No_Interaction,3.13718054,2.29544226,3.02073654,1.59544875,3.23441839,1.57594002,0.60000314,0.83384501,Matasgordas,148,11.27045413,0.305910543,133,19684,0,3198.064,6.726,3
EM160,0.027466667,0,0.023833334,0,0,0,0.027466667,0.023833334,weak,weak,ant-weak_mut-weak,Mutualist-Antagonist,0.99626679,0.99335864,6.73553265,1.30754822,0.84179666,5.36013783,0.55959258,0.55589668,Matasgordas,47,4.877318475,0.682108626,109,5123,0.311,10877.358,6.273,2
EM163,0,0,0,0,0,0,0,0,absent,absent,ant-absent_mut-absent,No_Interaction,0.14838016,1.72438101,6.68821041,1.58345289,0.15182903,0.21008417,0.68983412,1.66769003,Matasgordas,7,8.46658505,0.677316294,132,924,0.593,426.325,7.733,6
EM171,0,0,0,0,0,0,0,0,absent,absent,ant-absent_mut-absent,No_Interaction,0.42394332,0.4095005,3.02073654,2.30320421,0.63097778,0.09513944,0.80223436,1.94563836,Matasgordas,20,2.0106176,0.305910543,192,3840,0.137,193.067,8.993,7
EM190,0,0.020833333,0.168819445,0.047666667,0,0,0.020833333,0.216486111,weak,strong,ant-weak_mut-strong,Mutualist-Antagonist,0.82668947,1.15172016,6.73553265,1.73939901,0.92921337,0.06241593,0.80223436,2.2235867,Matasgordas,39,5.654862,0.682108626,145,5655,0.31,126.661,8.993,8
EM193,0.054933333,0,0,0,0,0,0.054933333,0,strong,absent,ant-strong_mut-absent,Antagonist,1.10225262,1.72758023,6.73553265,3.16690579,2.25574556,0.56063068,2.0289134,0.27794834,Matasgordas,52,8.482293,0.682108626,264,13728,0.176,1137.691,22.744,1
EM199,0,0,0.039722222,0.023833333,0,0.049722222,0,0.113277778,absent,strong,ant-absent_mut-strong,Mutualist,0.08478866,1.4684432,9.11741891,2.42316276,0.13276824,1.6100443,1.69429969,0.27794834,Matasgordas,4,7.20994905,0.923322684,202,808,0.267,3267.272,18.993,1
EM227,0.0206,0,0.007944445,0,0,0,0.0206,0.007944445,weak,weak,ant-weak_mut-weak,Mutualist-Antagonist,0.21197166,0.99975708,6.73553265,0.62378447,0.08544491,1.56318985,0.78608797,0.55589668,Matasgordas,10,4.908734375,0.682108626,52,520,0.21,3172.19,8.812,2
EM234,0,0,0.025819444,0,0,0,0,0.025819444,absent,weak,ant-absent_mut-weak,Mutualist,0.67830931,0.7198251,5.91002241,2.19524151,0.96224111,0.03751382,0.136486,2.50153504,Matasgordas,32,3.53428875,0.598509052,183,5856,0.206,76.127,1.53,9
EM236,0,0,0,0,0,0,0,0,absent,absent,ant-absent_mut-absent,No_Interaction,0.31795749,0.35991255,6.73553265,1.31954408,0.27112327,0.03406683,0.2608399,3.33538005,Matasgordas,15,1.767144375,0.682108626,110,1650,0,69.132,2.924,12
EM240,0.206,0,0,0,0,0.0783125,0.206,0.0783125,strong,strong,ant-strong_mut-strong,Mutualist-Antagonist,1.82295626,1.94512738,6.73553265,3.59875657,4.23938196,0.00215049,0.17243623,2.2235867,Matasgordas,86,9.5504336,0.682108626,300,25800,0.044,4.364,1.933,8
EM270,0,0,0,0,0,0,0,0,absent,absent,ant-absent_mut-absent,No_Interaction,0.19077449,0.46188777,6.73553265,2.84301769,0.35048844,0.01986443,0.05584329,2.77948338,Matasgordas,9,2.267835281,0.682108626,237,2133,0,40.311,0.626,10
EM291H,0,0.027777778,0.32175,0.016206667,0,0,0.027777778,0.337956667,weak,strong,ant-weak_mut-strong,Mutualist-Antagonist,0.82668947,0.60465308,6.73553265,0.85170572,0.45499413,0.01349871,0.70473161,2.2235867,Matasgordas,39,2.96880255,0.682108626,71,2769,0,27.393,7.9,8
EM293,0,0,0,0.024786667,0,0,0,0.024786667,absent,weak,ant-absent_mut-weak,Mutualist,0.127183,0.29112926,6.73553265,0.5638052,0.04633743,0.04407074,0.49598833,1.11179335,Matasgordas,6,1.42942345,0.682108626,47,282,0,89.433,5.56,4
EM297H,0.2678,0,0.3575,0,0,0,0.2678,0.3575,strong,strong,ant-strong_mut-strong,Mutualist-Antagonist,0.61471781,0.52467252,6.73553265,1.91933684,0.76243148,0.24272884,0.72212689,0.83384501,Matasgordas,29,2.5761038,0.682108626,160,4640,0,492.571,8.095,3
EM298H,0.1648,0,0.3575,0.09009,0.002486111,0,0.1648,0.450076111,strong,strong,ant-strong_mut-strong,Mutualist-Antagonist,1.84415343,1.29568518,5.91002241,2.50713375,2.98777838,0.08455552,0.31204445,2.2235867,Matasgordas,87,6.36171975,0.598509052,209,18183,0.225,171.589,3.498,8
EM300H,0,0,0.023833333,0.10725,0.002486111,0,0,0.133569444,absent,strong,ant-absent_mut-strong,Mutualist,0.38154899,1.19011083,6.73553265,1.17559381,0.28985542,0.12106949,0.80384007,0.83384501,Matasgordas,18,5.8433574,0.682108626,98,1764,0,245.687,9.011,3
ER002H,0.01373608,0.013883333,0,0,0,0,0.027619413,0,weak,absent,ant-weak_mut-absent,Antagonist,0.25436599,0.35831294,6.81560326,0.21592539,0.0354925,0.13440854,0.15254317,1.11179335,Martinazo,12,1.7592904,0.690217391,18,216,0.013,272.756,1.71,4
ER007H,0.0618,0.013891667,0.007946033,0,0,0,0.075691667,0.007946033,strong,weak,ant-strong_mut-weak,Mutualist-Antagonist,0.69950647,1.43973918,6.81560326,0.43185079,0.19520875,0.67312876,1.7600449,0.27794834,Martinazo,33,7.0690144,0.690217391,36,1188,0.106,1365.984,19.73,1
ER028H,0.11668664,0,0,0,0,0,0.11668664,0,strong,absent,ant-strong_mut-absent,Antagonist,1.44140728,1.41405641,6.81560326,0.65977204,0.61454607,0.37792779,1.29902554,0.55589668,Martinazo,68,6.9429139,0.690217391,55,3740,0.217,766.931,14.562,2
ER033H,0.2266,0,0,0,0,0,0.2266,0,strong,absent,ant-strong_mut-absent,Antagonist,1.48380161,3.24202726,6.81560326,0.43185079,0.41407917,0.12307017,1.12150454,0.83384501,Martinazo,70,15.9181175,0.690217391,36,2520,0.079,249.747,12.572,3
ER036H,7.7456,0.041675,0.001985317,0,0,0.012425583,7.787275,0.0144109,strong,weak,ant-strong_mut-weak,Mutualist-Antagonist,0.23316882,3.01686696,6.81560326,1.22357724,0.18436382,0.22659425,0.69991446,0.55589668,Martinazo,11,14.81259685,0.690217391,102,1122,0,459.829,7.846,2
ER037H,0,0.152808333,0,0,0,0,0.152808333,0,strong,absent,ant-strong_mut-absent,Antagonist,6.27436108,5.05963065,6.40416265,0.4558425,1.84823908,0.51304051,1.26584071,0.55589668,Martinazo,296,24.8424176,0.648550725,38,11248,0.049,1041.116,14.19,2
ER044H,0.14419176,0.347291667,0,0,0,0,0.491483427,0,strong,absent,ant-strong_mut-absent,Antagonist,1.39901294,2.52501649,6.81560326,0.49183007,0.44464215,0.07099423,0.14353331,1.11179335,Martinazo,66,12.39764688,0.690217391,41,2706,0.019,144.069,1.609,4
ER045H,0.61797528,0,0,0,0,0,0.61797528,0,strong,absent,ant-strong_mut-absent,Antagonist,0.9326753,2.23548684,6.81560326,1.03164355,0.62177602,0.08348324,0.7195399,2.2235867,Martinazo,44,10.9760774,0.690217391,86,3784,0,169.413,8.066,8
ER047H,0.05494432,0.097183333,0,0,0,0,0.152127653,0,strong,absent,ant-strong_mut-absent,Antagonist,1.46260444,2.52540139,6.40416265,0.32388809,0.30612281,0.00745526,0.10562054,4.4471734,Martinazo,69,12.3995367,0.648550725,27,1863,0,15.129,1.184,16
ER050H,0.02747216,0.055533333,0,0,0,0,0.083005493,0,strong,absent,ant-strong_mut-absent,Antagonist,1.05985829,2.04993193,6.81560326,0.52781763,0.36149769,0.05977315,0.00089207,4.16922506,Martinazo,50,10.0650163,0.690217391,44,2200,0,121.298,0.01,15
ER052X,0.1854,0.62505,0.019865083,0,0,0,0.81045,0.019865083,strong,weak,ant-strong_mut-weak,Mutualist-Antagonist,1.44140728,3.60276963,6.81560326,0.17993783,0.16760347,0.07240309,0.00089207,2.77948338,Martinazo,68,17.6893362,0.690217391,15,1020,0.282,146.928,0.01,10
ER053H,0.06177528,0,0,0,0,0,0.06177528,0,strong,absent,ant-strong_mut-absent,Antagonist,1.14464695,2.62137807,6.40416265,0.64777618,0.47914875,0.0540308,0.50553343,1.11179335,Martinazo,54,12.8707752,0.648550725,54,2916,0.667,109.645,5.667,4
ER061H,0,0,0,0,0,0.002486608,0,0.002486608,absent,weak,ant-absent_mut-weak,Mutualist,0.29676032,1.38206419,6.40416265,0.15594612,0.02990572,0.61597818,0.87181545,0.55589668,Martinazo,14,6.7858344,0.648550725,13,182,0.159,1250.008,9.773,2
ER067H,1.8128,0,0,0,0.009946433,0.048479167,1.8128,0.0584256,strong,strong,ant-strong_mut-strong,Mutualist-Antagonist,0.50873198,1.4972362,6.81560326,0.32388809,0.1064775,0.19902768,0.83541919,1.38974169,Martinazo,24,7.3513206,0.690217391,27,648,0.158,403.888,9.365,5
ER070H,0.74152584,0,0.46475,0,0.019892867,0,0.74152584,0.484642867,strong,strong,ant-strong_mut-strong,Mutualist-Antagonist,0.63591497,0.89578234,6.40416265,0.37187151,0.15281493,0.2440416,0.91062029,0.55589668,Martinazo,30,4.398226,0.648550725,31,930,0,495.235,10.208,2
ER071M-H,0.6181236,0,0,0,0,0,0.6181236,0,strong,absent,ant-strong_mut-absent,Antagonist,0.25436599,1.30528284,6.81560326,0.50382592,0.08281583,0.07824844,0.41588086,1.38974169,Martinazo,12,6.4088436,0.690217391,42,504,0.162,158.79,4.662,5
ER072H,1.30477104,0,0,0,0,0,1.30477104,0,strong,absent,ant-strong_mut-absent,Antagonist,2.81922305,1.91358006,6.81560326,0.85170572,1.55164666,0.01286006,0.26851167,1.38974169,Martinazo,133,9.3955386,0.690217391,71,9443,0.435,26.097,3.01,5
ER073H,8.17100648,0,0,0,0,0,8.17100648,0,strong,absent,ant-strong_mut-absent,Antagonist,0.25436599,3.37242559,9.44524547,1.07962697,0.1774625,0.58728019,1.13970267,0.55589668,Martinazo,12,16.5583638,0.956521739,90,1080,0,1191.771,12.776,2
ER074M-H,4.51800848,0,0,0,0,0,4.51800848,0,strong,absent,ant-strong_mut-absent,Antagonist,2.92520888,2.18231477,6.81560326,0.53981349,1.02040938,0.08315504,0.9353305,1.94563836,Martinazo,138,10.7150064,0.690217391,45,6210,0.133,168.747,10.485,7
ER079H,0,0,0,0,0,0.032325908,0,0.032325908,absent,weak,ant-absent_mut-weak,Mutualist,0.46633765,1.05574348,6.81560326,0.23991711,0.07229954,0.28237885,1.30303983,1.94563836,Martinazo,22,5.1836235,0.690217391,20,440,0.012,573.033,14.607,7
ER080H,1.82642896,0.243075,0.810333333,0.057574183,0,0.0895,2.06950396,0.957407516,strong,strong,ant-strong_mut-strong,Mutualist-Antagonist,0.72070364,1.57721677,6.40416265,0.63578033,0.29609947,0.63942167,1.67690441,0.55589668,Martinazo,34,7.74401935,0.648550725,53,1802,0.479,1297.582,18.798,2
ER085H,1.23609888,0,0,0,0,0,1.23609888,0,strong,absent,ant-strong_mut-absent,Antagonist,2.77682872,4.1490669,6.81560326,1.11561454,2.0018756,0.96605112,2.4577292,0.27794834,Martinazo,131,20.371616,0.690217391,93,12183,0.09,1960.413,27.551,1
ER086H,0.98870112,0,0,0,0,0,0.98870112,0,strong,absent,ant-strong_mut-absent,Antagonist,2.71323722,3.6263789,6.40416265,1.24756895,2.18738964,0.87463414,0.6116892,0.55589668,Martinazo,128,17.805256,0.648550725,104,13312,0.54,1774.9,6.857,2
ER090H,0.0618,0,0,0,0,0,0.0618,0,strong,absent,ant-strong_mut-absent,Antagonist,1.08105546,0.75943048,6.40416265,0.20392954,0.14246295,1.49486549,3.64488975,0.27794834,Martinazo,51,3.7287483,0.648550725,17,867,0,3033.539,40.859,1